handle,title,Product Type,Category,tags,SKU,Weight,Better Home Price,Retail Price,Description,Brand,Material,Returns Policy,Warranty,url,Color,Finish,Style
jaquar-solo-rimless-blind-installation-wall-hung-wc--sls-wht-6953biufsm---white,Jaquar Solo Rimless Blind Installation Wall Hung WC  SLS-WHT-6953BIUFSM - White,,,,,,,,"Rimless, Blind Installation Wall Hung WC with UF soft close slim seat cover, Hinges, Fixing Accessories and Accessories set.Ideal for small and space-constricted bathrooms, Jaquar offers some really reasonable bathroom closet prices that go easy on your wallet.  ",Better Home,,,,https://betterhomeapp.com/products/jaquar-solo-rimless-blind-installation-wall-hung-wc-sls-wht-6953biufsm-white,,,
s3-classic-rectangular-led-mirror-24x18-inch---3-colour-without-defogger,S3 Classic Rectangular LED Mirror 24x18 inch - 3 Colour without Defogger,,,,,,,,"• A dynamic blend of high-quality design aesthetics, advanced technology and safety • These exquisite creations are amazing LED art transforming hotels, offices, homes and more into timeless portrayals of style.• Saves Energy &amp;amp; Eco Friendly • Applications: Bathroom | Bedroom | Living Room• Classic design",Better Home,,,,https://betterhomeapp.com/products/s3-classic-rectangular-led-mirror-24x18-inch-3-colour-without-defogger,,,
asian-paints-smartcare-damp-proof-waterproofing-solution,Asian Paints SmartCare Damp Proof Waterproofing Solution,,,,,,,,• Asian Paints SmartCare Damp Proof is a fibre reinforced elastomeric liquid applied water proofing membrane • It is formulated with select elastomeric and resilient acrylic polymers and reinforcing polyester fibres • Upon curing it forms a thick seamless durable membrane thus offering ultimate waterproofing,Better Home,,,,https://betterhomeapp.com/products/asian-paints-smartcare-damp-proof-waterproofing-solution,,,
nippon-paint-walltron-hydroshield-dampproof,Nippon Paint Walltron Hydroshield Dampproof,,,,,,,,• Walltron Hydroshield Dampproof is fibre reinforced elastomeric coating used for Waterproofing•  It forms a thick elastic film which covers cracks and blocks water and thus offering excellent waterproofing,Better Home,,,,https://betterhomeapp.com/products/nippon-paint-walltron-hydroshield-dampproof,,,
ozone-glass-door-handle-ogh-55,Ozone Glass Door Handle OGH-55,,,,,,,,• H Type handle• Stainless Steel• Available in PSS/SSS Finish,Better Home,,,,https://betterhomeapp.com/products/ozone-glass-door-handle-ogh-55,,,
jaquar-lucent-downlighter-3w-6w-9w-12w-15w-18w-22w,Jaquar Lucent Downlighter 3W 6W 9W 12W 15W 18W 22W,,,,,,525.0,,•  525.00 is the MRP. Contact us for the offer price. • LED Lucent DownlightProduct Codes:• IDL-WHT-LLCN01R003XC• IDL-WHT-LLCN01R003XW• IDL-WHT-LLCN01R003XN• IDL-WHT-LLCN01R006XC• IDL-WHT-LLCN01R006XW• IDL-WHT-LLCN01R006XN• IDL-WHT-LLCN01R009XC• IDL-WHT-LLCN01R009XW• IDL-WHT-LLCN01R009XN• IDL-WHT-LLCN01R012XC• IDL-WHT-LLCN01R012XW• IDL-WHT-LLCN01R012XN• IDL-WHT-LLCN01R015XC• IDL-WHT-LLCN01R015XW• IDL-WHT-LLCN01R015XN• IDL-WHT-LLCN01R018XC• IDL-WHT-LLCN01R018XW• IDL-WHT-LLCN01R018XN• IDL-WHT-LLCN01R022XC• IDL-WHT-LLCN01R022XW• IDL-WHT-LLCN01R022XN,Better Home,,,,https://betterhomeapp.com/products/jaquar-lucent-downlighter,,,
greenpanel-club-hdwr-16mm-wood-panel,Greenpanel Club HDWR 16mm Wood Panel,,,,,,79.0,,• Greenpanel Club HDWR is a new class of wood-based panel product and a perfect substitute for local plywood.• The high-performance board has excellent water resistance•  high density•  durability and exceptional dimensional stability.• That’s not all•  these boards are resistant to termites•  virus•  fungus and borer proof.,Better Home,,,,https://betterhomeapp.com/products/greenpanel-club-hdwr-16mm-wood-panel,,,
colourpix-lacquered-glass-on-clear-glass-with-solid-coated-finish,ColourPix Lacquered Glass on Clear Glass with Solid Coated Finish,,,,,,174.0,,"ColourPix Lacquered Glass is a high-quality, versatile, and durable material that is perfect for interior décor and exterior applications. It is available in 5000+ colours compared to competitors which are only in the 10s or 100s of colours. Lacquered Glass price is very competitive for the value it adds to your home and office. Buy original ColourPix Lacquered Glass at wholesale prices from Better Home.• Can be used in a variety of applications, including: Cabinets and Drawers, Doors and Windows, Furniture Shelves, and Dividers Wall panels and Murals, Signage and Displays• Also used for Cupboards, Wardrobes, Writing Boards, Surface Cladding, Office Partitions, Lift Lobbies, Boardroom tabletop and more.• Annealed glass - ordinary glass or float glass.• Toughened glass - safety glass processed by controlled thermal treatments.• Lacquered Glass price depends on the kind of glass: annealed or toughened glass.It is recommended to use toughened glass since it is safer and breaks into smaller pieces unlike annealed glass (ordinary glass). Also toughened coloured glass is suited well for kitchen splash backs since they are easier to clean and will withstand the heat generated while cooking.",Better Home,,,,https://betterhomeapp.com/products/colourpix-lacquered-glass-on-clear-glass-with-solid-coated-finish,,,
adfors-fiberglass-wall-covering-printable-from-adfors-novelio,Adfors Fiberglass Wall Covering Printable from Adfors Novelio,,,,,,197.0,,Novelio has been specially developed by Adfors and is the perfect solution to dress walls in elegance while reinforcing and keeping them strong.Novelio is an extremely durable wall covering that’s essentially a fabric woven from glass yarn in an array of attractive patterns.;After preparing the wallsNovelio® is pasted on and can be painted and re-painted with the colours of your choice.,Better Home,,,,https://betterhomeapp.com/products/adfors-fiberglass-wall-covering-printable,,,
jaquar-areva-prime-downlighter-led-panel-light-6w-9w-12w-15w-18w-24w,Jaquar Areva Prime Downlighter LED Panel Light 6W 9W 12W 15W 18W 24W,,,,,,,,•  1240.00 is the MRP. Contact us for the offer price. • LED Areva Prime RoundProduct Codes:• IDL-WHT-LARP01R006XW• IDL-WHT-LARP01R006XN• IDL-WHT-LARP01R006XC• IDL-WHT-LARP01R009XW• IDL-WHT-LARP01R009XN• IDL-WHT-LARP01R009XC• IDL-WHT-LARP01R012XW• IDL-WHT-LARP01R012XN• IDL-WHT-LARP01R012XC• IDL-WHT-LARP01R015XW• IDL-WHT-LARP01R015XN• IDL-WHT-LARP01R015XC• IDL-WHT-LARP01R018XW• IDL-WHT-LARP01R018XN• IDL-WHT-LARP01R018XC• IDL-WHT-LARP01R024XW• IDL-WHT-LARP01R024XN• IDL-WHT-LARP01R024XC,Better Home,,,,https://betterhomeapp.com/products/jaquar-areva-prime-downlighter-6w-9w-12w-15w-18w-24w,,,
venus-celo-15-litre-storage-water-heater-vertical,Venus Celo 15-Litre Storage Water Heater (Vertical),,,,,,,,"Celo water heaters is an excellent product that has been designed &amp;amp; built to last. It comes with a durable &amp;amp; corrosion resistant porcelain enamel tank. It is designed to be Hard Water Proof with Scale guard Technology. An updated and pleasing design with metallic finish colours lends this model a new grace &amp;amp; charm to blend with your bathroom decor. -The Venus Celo 15-Litre Storage Water Heater (Vertical) is built to last, thanks to its durable porcelain enamel tank that is also corrosion resistant. -It is designed to withstand hard water and scale build-up thanks to its Scale guard Technology. -The updated design features a metallic finish and eye-catching colours to seamlessly blend with your bathroom decor.Porcelain Enamel Glass Lined Tank:Manufactured in a modern, automated plant using European Technology. Protects the tank from rust and corrosion.Glasslined Incoloy 800 element:Withstands up to 1000°C. Long lasting, even in water. Reduces scale formation. Prevents element failure.Heat Retention Technology:No Thermal Bridge between the Tank and the external Housing, there by enabling 16 % lower Thermal Losses.3cm thick PUF insulation:3cm extra thick (PUF) insulation keeps the water hot for a much longer time and reduces energy consumption.8 Bars Pressure:Suitable for pressure pumps and multi - storey buildings.Temperature Display:The display indicates the real-time display of the current temperature.Sacrificial Magnesium Anode:A special device to enhance the corrosion protection of the MG tank by means of “Cathodic action”.Heat Retention TechnologyNo Thermal Bridge Between the tank and the external Housing, there by enabling 16% lower Thermal Losses.Glasslined Incoloy Heating ElementWe use different types of elements in our water heaters. They are designed for reliable &amp;amp; energy efficient performance in all types of water conditions.We have higher grade heating elements for hard water areas to resist scale deposits &amp;amp; premature failure.Ceramic Heating Element - hard water proof and shock proof, Glasslined Incoloy Heating Element, Copper Heating Element.",Better Home,,,,https://betterhomeapp.com/products/venus-celo-15-litre-storage-water-heater-vertical,,,
colourpix-lacquered-glass-tile-for-kitchen-splashback-600-x-600-x-6-mm,ColourPix Lacquered Glass Tile for Kitchen Splashback 600 x 600 x 6 MM,,,,,,,,"ColourPix Lacquered Glass Tile elevates your kitchen with stunning looks! These high-gloss, 600 x 600 mm tiles of 6 mm thickness are the perfect splashback solution, offering a durable and easy-to-clean surface that resists stains and heat. Choose from a wide range of vibrant colours to create a unique and stylish kitchen backdrop. Buy original ColourPix Lacquered glass at wholesale prices from Better Home.Key Features:· High-Gloss Finish: Adds a touch of luxury and sophistication.· Stain &amp;amp; Heat Resistant: Ideal for high-traffic kitchen areas.· Easy to Clean: Maintain a sparkling look with minimal effort.· 5000+ Versatile Colours: Find the perfect shade to complement your kitchen decor.· Modern &amp;amp; Stylish: A contemporary alternative to traditional backsplashesLacquered Glass price is very competitive for the value it adds to your kitchen.It is advised to use only toughened glass since it is safer and breaks into smaller pieces unlike annealed glass (ordinary glass). Also toughened coloured glass tiles are the right choice for kitchen splashbacks since they are easier to clean and will withstand the heat generated while cooking.These coloured splashbacks tiles are also known as kitchen backsplash tiles.",Better Home,,,,https://betterhomeapp.com/products/colourpix-lacquered-glass-tile-for-kitchen-splashback-600-x-600-mm,,,
ao-smith-z2-pro-under-the-counter-ro-water-purifier,AO Smith Z2 Pro Under the Counter RO Water Purifier,,,,,,,,"Z2 Pro is designed specifically to be placed under the kitchen counter. Except for the faucet that comes along with it, it stays out of sight and comes engineered with the highest standard of RO technology. Purified water is collected for drinking in a storage tank and impurities in the water are flushed through the drain. Z2 Pro keeps your kitchen clutter-free, complements your kitchen interior while ensuring you get 100% RO purified water with all essential minerals in it.Buy original AO Smith Z2 Pro Under the Counter RO Water Purifier at wholesale prices from Better Home.",Better Home,,,,https://betterhomeapp.com/products/ao-smith-z2-pro-under-the-counter-ro-water-purifier,,,
ao-smith-faston-5l-instant-water-heater,AO Smith Faston 5L Instant Water Heater,,,,,,,,"Upgrade to the all-new A.O. Smith Faston 5L Water Heater—a compact, elegant, and powerful solution for your instant hot water needs.Designed for modern households, it features a high-quality stainless steel inner tank (SS 304L) that withstands up to 6.5 Bar pressure, suitable for high-rise apartments. Faston 5L Instant Water Heater at wholesale prices from Better Home.",Better Home,,,,https://betterhomeapp.com/products/ao-smith-faston-5l-instant-water-heater,,,
ao-smith-finesse-storage-water-heater-10-litres,AO Smith Finesse Storage Water Heater 10 Litres,,,,,,,,·  Finesse Series equipped with Smart Modes facilitate hot water as per your requirement.· Buy original AO Smith Finesse Storage Water Heater 10 Litres at wholesale prices from Better Home.,Better Home,,,,https://betterhomeapp.com/products/ao-smith-finesse-storage-water-heater-10-litres,,,
ao-smith-finesse-storage-water-heater-15-litres,AO Smith Finesse Storage Water Heater 15 Litres,,,,,,,,·  Finesse Series equipped with Smart Modes facilitate hot water as per your requirement.· Smart Modes enable you to customize your hot water requirements as you like it.· Buy original AAO Smith Finesse Storage Water Heater 15 Litres at wholesale prices from Better Home.,Better Home,,,,https://betterhomeapp.com/products/ao-smith-finesse-storage-water-heater-15-litres,,,
ao-smith-elegance-prime-storage-water-heater-15-ltr,AO Smith Elegance Prime Storage Water Heater 15 Ltr,,,,,,,,"Equipped with Blue Diamond Glass Lined tank, Elegance Prime Water Heaters deliver high performance. Peace of mind is ensured with a 7 Year warranty on Tank.Elegance Prime Water Heaters feature premium quality rust proof outer body.Innovative RRID Technology delivers enhanced hot water output.Buy original AO Smith Elegance Prime Storage Water Heater 15 Ltr at wholesale prices from Better Home.",Better Home,,,on tank,https://betterhomeapp.com/products/ao-smith-elegance-prime-storage-water-heater-15-ltr,,,
ao-smith-x6-plus-5-l-ro--scmt-water-purifier,AO Smith X6 Plus 5 L RO + SCMT Water Purifier,,,,,,,,"Stylishly crafted, elegantly designed, the AO Smith X6+, provides a Healthy life with Elegant Style.AO Smith X6+ provides Baby Safe with double protection of 100% RO+ SCMT.The Alkaline Min-TECH filter retains natural taste with essential minerals and provides alkaline water, so that you get water the way it was meant to be fresh, clean and good for you.Water Source : Borewell, Mix- Multiple Sources, TankerPurifier Type : 100% RO (Reverse Osmosis) + SCMT( Silver Charged Membrane Technology)Purifier Placement : Wall mount + Table top placementTechnology : ROValue Added Features : Alkaline Mintech, Digital DisplayBuy original AO Smith X6 Plus 5 L RO + SCMT Water Purifier at wholesale prices from Better Home.",Better Home,,,,https://betterhomeapp.com/products/ao-smith-x6-plus-5-l-ro-scmt-water-purifier,,,
ao-smith-proplanet-p4-pro-5l-ro--scmt-water-purifier,AO Smith ProPlanet P4 Pro 5L RO + SCMT Water Purifier,,,,,,,,"Stylishly crafted, elegantly designed, the ProPlanet P4 immediately catches one’s attention as soon as you enter the kitchen.With the ProPlanet P4, you also get 24×7 purified fresh water with in-tank UV purification through the All Time Fresh feature.Drink Baby-Safe. Earth-Safe water. Be ProPlanetWater Source : Borewell, Mix- Multiple Sources, TankerPurifier Type : 100% RO (Reverse Osmosis) + SCMT( Silver Charged Membrane Technology)Purifier Placement : Wall mount + Table top placementTechnology : ROValue Added Features : Alkaline Mintech, Digital Display, High Water Saving- 5 Star Rated, Intelli-Display, Night Assist.Buy original AO Smith ProPlanet P4 Pro 5L RO + SCMT Water Purifier at wholesale prices from Better Home.",Better Home,,,,https://betterhomeapp.com/products/ao-smith-proplanet-p4-pro-5l-ro-scmt-water-purifier,,,
atomberg-renesa-elite-1200-mm-bldc-ceiling-fan-with-remote-control-amp-led-indicators,Atomberg Renesa Elite 1200 mm BLDC Ceiling Fan with Remote Control &amp; LED Indicators,,,,,,,,"Atomberg Renesa Elite has a sleek and modern design with a unique transparent diffuser and a contrast colour highlight ring that will elevate the decor of your room. The design is ideal for anyone seeking something modern, classy, and distinctive.Atomberg Renesa Elite comes with a 5-star rated energy-efficient BLDC motor. This 5-star rated fan consumes only 35W at top speed, saving up to 65% in electricity consumption compared to unrated fans.Atomberg Renesa Elite comes with a Smart IR Remote for effortless control, allowing you to adjust speed, activate Boost Mode, set timers, or enable Sleep Mode with a single click. This remote is universal across Atomberg fans and does not need to be paired, allowing easy operation.Atomberg Renesa Elite offers IoT control via the Atomberg Home mobile app, Google Home, and Alexa over and above the remote-control operability. This allows users to operate the fan without the remote, through voice commands and a mobile application. The app also tracks usage, energy consumption, and savings, allowing greater control and monitoring.Atomberg Renesa Elite features a unique moonbeam LED light that doubles as both a night light and a speed indicator. It comes with 2 intensity levels which can be operated from the remote control.This fan is suitable for false ceilings or low ceiling height since it offers an additional ceiling plate beside a canopy set. If the full height is available, can use the bottom and top canopy, else for low heights or false ceilings, can use the top ceiling plate with the bottom canopy. This ensures hassle-free installation in all circumstances.",Better Home,,,,https://betterhomeapp.com/products/atomberg-renesa-elite-1200-mm-bldc-ceiling-fan-with-remote-control-led-indicators,,,
jaquar-florentine-wall-mixer-3-in-1-system-flr-chr-5281n,Jaquar Florentine Wall Mixer 3-in-1 System FLR-CHR-5281N,,,,,,,,"The Jaquar Florentine FLR-CHR-5281N is a wall-mounted mixer designed to provide a versatile showering experience.Jaquar Florentine Wall Mixer 3-in-1 System FLR-CHR-5281N is a popular model for the Bath Fitting.It Provides the flexibility to switch between an overhead shower, a hand shower, and the spout.Wall Mixer 3-in-1 System with Provision for both Hand Shower and Overhead Shower Complete with 115mm Long Bend Pipe, Connecting Legs &amp;amp; Wall Flange (without Hand &amp;amp; Overhead Shower).",Better Home,,,,https://betterhomeapp.com/products/jaquar-florentine-wall-mixer-3-in-1-system-flr-chr-5281n,,,
jaquar-hand-shower-hsh-chr-1739,Jaquar Hand Shower HSH-CHR-1739,,,,,,,,"The Jaquar HSH-CHR-1739 is a hand-held showerhead designed to provide a versatile showering experience.It is a &quot;multi-flow&quot; hand shower, meaning it offers various spray patterns.Hand Shower 95mm Round Shape Multi Flow (ABS Body Chrome Plated with Gray Face Plate) with Rubit Cleaning System",Better Home,,,,https://betterhomeapp.com/products/jaquar-hand-shower-hsh-chr-1739,,,
jaquar-shower-arm-sha-chr-477,Jaquar Shower Arm SHA-CHR-477,,,,,,630.0,,Jaquar Shower Arm SHA-CHR-477 designed to provide a versatile showering experience.Range: Shower AccessoriesCode: SHA-CHR-477Shower Arm Casted 160mm Long Light Body Round Shape for Wall Mounted Showers with Flange,Better Home,,,,https://betterhomeapp.com/products/jaquar-shower-arm-sha-chr-477,,,
jaquar-multi-function-showers-ohs-chr-1999,Jaquar Multi-function Showers OHS-CHR-1999,,,,,,,,Jaquar Multi-function Showers OHS-CHR-1999 designed to provide a versatile showering experience.Overhead Shower 100mm Round Shape Multi Flow (ABS Body Chrome Plated with Gray Face Plate) with Rubit Cleaning SystemRange: Multi-function ShowersCode: OHS-CHR-1999,Better Home,,,,https://betterhomeapp.com/products/jaquar-multi-function-showers-ohs-chr-1999,,,
jaquar-florentine-pillar-cock-flr-chr-5015,Jaquar Florentine Pillar Cock FLR-CHR-5015,,,,,,,,The Jaquar Florentine Pillar Cock (FLR-CHR-5015) is a stylish and functional fixture often used in bathrooms and kitchens. Pillar Cock with Lift Type Operating Knob &amp;amp; Base FlangeCode: FLR-CHR-5015,Better Home,,,,https://betterhomeapp.com/products/jaquar-florentine-pillar-cock-flr-chr-5015,,,
jaquar-florentine-angular-stop-cock-with-wall-flange-flr-chr-5053n,Jaquar Florentine Angular Stop Cock with Wall Flange FLR-CHR-5053N,,,,,,,,"Jaquar Florentine Angular Stop Cock with Wall Flange  FLR-CHR-5053N is a stylish and functional fixture often used in bathrooms or kitchens.Allows for easy control of water flow, making it ideal for sinks or showers.Angular Stop Cock with Wall FlangeCode: FLR-CHR-5053NRange: Florentine",Better Home,,,,https://betterhomeapp.com/products/jaquar-florentine-angular-stop-cock-with-wall-flange-flr-chr-5053n,,,
jaquar-single-piece-wc-s-trap-continental-series-cns-wht-853s300sppsm,Jaquar Single Piece WC S Trap Continental Series CNS-WHT-853S300SPPSM,,,,,,,,"The Jaquar Single Piece WC S Trap from the Continental Series (model CNS-WHT-853S300SPPSM) is known for its sleek design and modern features. Rimless Single Piece WC With PP Soft Close Slim Seat Cover, Hinges, Dual Flush Cistern Fittings, Fixing Accessories And Accessories Set.Size: 370x660x730 mm.S Trap- 300 mm.",Better Home,,,,https://betterhomeapp.com/products/jaquar-single-piece-wc-s-trap-continental-series-cns-wht-853s300sppsm,,,
jaquar-health-faucet-ald-chr-587,Jaquar Health Faucet ALD-CHR-587,,,,,,960.0,,"The Jaquar Health Faucet ALD-CHR-587 is a high-quality bathroom fixture designed for hygiene and convenience.Hand Shower (Health Faucet) (ABS Body) with 8mm Dia, 1 Meter Long Spiro chrome flex tube &amp;amp; Wall HookRange: AlliedCode: ALD-CHR-587",Better Home,,,,https://betterhomeapp.com/products/jaquar-health-faucet-ald-chr-587,,,
jaquar-florentine-2-way-bib-cock-with-wall-flange-flr-chr-5041n,Jaquar Florentine 2 Way Bib Cock with Wall Flange FLR-CHR-5041N,,,,,,,,"The Jaquar Florentine 2 Way Bib Cock with Wall Flange (model FLR-CHR-5041N) is a stylish and functional fixture designed for modern bathrooms. The 2-way bib cock allows for easy control of water flow to two outlets, making it versatile for different needs.",Better Home,,,,https://betterhomeapp.com/products/jaquar-florentine-2-way-bib-cock-with-wall-flange-flr-chr-5041n,,,
jaquar-continental-series-wall-hung-basin-cns-wht-813,Jaquar Continental Series Wall Hung Basin CNS-WHT-813,,,,,,,,"The Jaquar Continental Series Wall Hung Basin CNS-WHT-813 is a modern, sleek washbasin designed for wall mounting. Wall Hung Basin with Fixing AccessoriesSize: 420x420x155mmRange: Continental SeriesCode: CNS-WHT-813",Better Home,,,,https://betterhomeapp.com/products/jaquar-continental-series-wall-hung-basin-cns-wht-813,,,
s3-bathroom-glass-partition---7-x-5-feet---sliding-type-with-ozone-fittings,S3 Bathroom Glass Partition - 7 x 5 Feet - Sliding Type With Ozone Fittings,,,,,,,,"S3 Bathroom Glass Partition is one of the finest quality bathroom separator glass which can be customised to the size of your bathroom. The bathroom glass partition price is about ₹24,000 for the standard size of 7 Feet Height and 5 Feet Width in the sliding door type. Be rest assured to get the best in terms of durability, performance and aesthetic. A Glass Partition for Washroom is necessary in a Modern Home with elders and kids since it reduces the risk of slips. Buy original S3 Bathroom Glass Partition at wholesale prices from Better Home.Transform your bathroom into a modern oasis with our premium range of glass shower partitions. Our solutions provide the perfect blend of style and functionality, ensuring a clean and elegant shower experience.A shower partition, in essence, is a barrier designed to separate the shower area from the rest of the bathroom. It&#39;s a key element in modern bathroom design, offering both practical and aesthetic benefits.The primary function is to prevent water from splashing onto the bathroom floor, reducing the risk of slips.Shower partitions, especially those made of glass, can significantly enhance the visual appeal of a bathroom, creating a sleek and modern look. By containing moisture within the shower area, they help to minimise the growth of mould and mildew. They help to clearly define the wet and dry areas of the bathroom, contributing to a more organised and functional space.This premium shower partition offers a luxurious and hygienic showering experience. Measuring 7 feet by 5 feet, it provides ample space for comfortable movement. Constructed from 10mm toughened glass, the partition ensures exceptional durability and safety. Wall to Wall 2 part sliding shower enclosure with one Fixed Glass Panel and one Sliding Door.Elevate Your Bathroom Design:Our sleek and sophisticated bathroom partition with glass creates a stunning focal point, enhancing the overall aesthetic of your space.Whether you are seeking a minimalist bathroom separator glass design or a more elaborate shower cubicle, we offer a variety of styles to suit your preferences.Maximise Functionality and Safety:A glass partition for washroom is essential for keeping your bathroom dry and safe, preventing water from splashing onto surrounding surfaces.Our durable washroom glass partition options provide a secure and reliable barrier, minimising the risk of slips and falls.Our shower partition products are designed to create a dedicated shower area, keeping the rest of the bathroom dry.Highlights:· High-quality tempered glass for exceptional strength and safety.· Various hardware finishes and glass types available.· Customisable sizes to fit any bathroom layout.· Easy-to-clean surfaces for effortless maintenance.Invest in our glass shower partitions and experience the perfect combination of luxury, safety, and practicality.",Better Home,,,,https://betterhomeapp.com/products/s3-bathroom-glass-partition-sliding-type-with-ozone-fittings,,,
s3-glass-partition-for-washroom---7-x-5-feet----sliding-type-with-ozone-fittings,S3 Glass Partition for Washroom - 7 x 5 Feet  - Sliding Type With Ozone Fittings,,,,,,690.0,,"S3 Glass Partition for Washroom Sliding Type With Ozone Fittings is one of the finest quality bathroom separator glass which can be customised to the size of your bathroom. The bathroom glass partition price is about ₹690 Per Square Feet for the standard size of 7 Feet Height and 5 Feet Width in the sliding door type. Be rest assured to get the best in terms of durability, performance and aesthetic. A Glass Partition for Washroom is necessary in a Modern Home with elders and kids since it reduces the risk of slips. Buy original S3 Bathroom Glass Partition at wholesale prices from Better Home.Transform your bathroom into a modern oasis with our premium range of glass shower partitions. Our solutions provide the perfect blend of style and functionality, ensuring a clean and elegant shower experience.A shower partition, in essence, is a barrier designed to separate the shower area from the rest of the bathroom. It&#39;s a key element in modern bathroom design, offering both practical and aesthetic benefits.The primary function is to prevent water from splashing onto the bathroom floor, reducing the risk of slips.Shower partitions, especially those made of glass, can significantly enhance the visual appeal of a bathroom, creating a sleek and modern look. By containing moisture within the shower area, they help to minimise the growth of mould and mildew. They help to clearly define the wet and dry areas of the bathroom, contributing to a more organised and functional space.This premium shower partition offers a luxurious and hygienic showering experience. Measuring 7 feet by 5 feet, it provides ample space for comfortable movement. Constructed from 10mm toughened glass, the partition ensures exceptional durability and safety. Wall to Wall 2 part sliding shower enclosure with one Fixed Glass Panel and one Sliding Door.Elevate Your Bathroom Design:Our sleek and sophisticated bathroom partition with glass creates a stunning focal point, enhancing the overall aesthetic of your space.Whether you are seeking a minimalist bathroom separator glass design or a more elaborate shower cubicle, we offer a variety of styles to suit your preferences.Maximise Functionality and Safety:A glass partition for washroom is essential for keeping your bathroom dry and safe, preventing water from splashing onto surrounding surfaces.Our durable washroom glass partition options provide a secure and reliable barrier, minimising the risk of slips and falls.Our shower partition products are designed to create a dedicated shower area, keeping the rest of the bathroom dry.Highlights:· High-quality tempered glass for exceptional strength and safety.· Various hardware finishes and glass types available.· Customisable sizes to fit any bathroom layout.· Easy-to-clean surfaces for effortless maintenance.Invest in our glass shower partitions and experience the perfect combination of luxury, safety, and practicality.",Better Home,,,,https://betterhomeapp.com/products/s3-glass-partition-for-washroom-sliding-type-with-ozone-fittings,,,
jaquar-single-piece-continental-series-rimless-wc-p-trap-cns-wht-853p180sppsm,Jaquar Single Piece Continental Series Rimless WC P Trap CNS-WHT-853P180SPPSM,,,,,,,,"The Jaquar Continental Series Rimless Single Piece Water Closet (WC) model CNS-WHT-853P180SPPSM is designed for modern bathrooms, offering a sleek and contemporary look.Its rimless design promotes better hygiene and easier cleaning, as there are no hard-to-reach areas where dirt can accumulate.Size: 370x665x750 mm, P Trap- 180 mmRange: Continental SeriesCode: CNS-WHT-853P180SPPSM",Better Home,,,,https://betterhomeapp.com/products/jaquar-single-piece-continental-series-rimless-wc-p-trap-cns-wht-853p180sppsm,,,
lg-ac-15-ton-3-star-split-ac-with-ai-convertible-100-copper-tubes-diet-mode-gold-fin-viraat-mode2025-model-us-q19wnxe,"LG AC 1.5 Ton 3 Star Split AC with AI Convertible, 100% Copper Tubes, Diet Mode+, Gold Fin+, Viraat Mode,2025 Model US-Q19WNXE",,,,,,,,"LG Inverter ACs use Variable Tonnage Technology to adjust cooling by controlling compressor speed, ensuring faster cooling initially and energy savings once the desired temperature is reached.AI Convertible 6-in-1: Automatically adjusts parameters for perfect cooling, adapting to your lifestyle for better comfort.Diet Mode+: Balances comfort and energy efficiency, reduces power consumption for households with varying cooling needs.Gold Fin+:A corrosion resistant coating for increased durability of your LG Air Conditioner.VIRAAT Mode: Maximize your comfort in the scorching heat with a capacity boost of up to 116%.ADC Sensor: LG Air Conditioners comes with ADC Safety sensors as a built of robustness and power of safety at every step of operation.Stabilizer Free Plus: Advanced range of stabilizer-free operations that prevents voltage fluctuation and adds to your savings &amp;amp; safety. ",Better Home,,,,https://betterhomeapp.com/products/lg-ac-1-5-ton-3-star-split-ac-with-ai-convertible-100-copper-tubes-diet-mode-gold-fin-viraat-mode-2025-model-us-q19wnxe,,,
lg-ac-2-ton-3-star-split-ac-with-ai-convertible-6-in-1-cooling-gold-fin-viraat-mode-diet-mode-2025-model-us-q24enxe,"LG AC 2 Ton 3 Star Split AC with AI Convertible 6-in-1 Cooling, Gold Fin+, Viraat Mode, Diet Mode+, 2025 Model US-Q24ENXE",,,,,,,,"LG Inverter ACs use Variable Tonnage Technology to adjust cooling by controlling compressor speed, ensuring faster cooling initially and energy savings once the desired temperature is reached.Dual Inverter Compressor: LG Inverter ACs use Variable Tonnage Technology to adjust cooling by controlling compressor speed, ensuring faster cooling initially and energy savings once the desired temperature is reached. AI Convertible 6-in-1: Automatically adjusts parameters for perfect cooling, adapting to your lifestyle for better comfort.VIRAAT Mode: Maximize your comfort in the scorching heat with a capacity boost of up to 116%ADC Sensor: LG Air Conditioners comes with ADC Safety sensors as a built of robustness and power of safety at every step of operationGold Fin+: A corrosion resistant coating for increased durability of your LG Air Conditioner.Smart Dehumidification: Enhanced Comfort and Energy Savings. Monsoon Comfort Technology saves up to 30.8%* energy in humid conditions compared to conventional dehumidification mode. Auto Cleaning: An Internal Clean that&#39;s Automatic. Automatically dries any moisture inside the air conditioner to ensure it&#39;s always clean.Mute Function: Silent remote control buttons eliminate the disturbing beep sounds while operating the AC.Stabilizer Free Plus: Advanced range of stabilizer-free operations that prevents voltage fluctuation and adds to your savings &amp;amp; safety. ",Better Home,,,,https://betterhomeapp.com/products/lg-ac-2-ton-3-star-split-ac-with-ai-convertible-6-in-1-cooling-gold-fin-viraat-mode-diet-mode-2025-model-us-q24enxe,,,
atomberg-renesa-halo-1200-mm-bldc-ceiling-fan-with-remote-control-amp-led-indicators,Atomberg Renesa Halo 1200 mm BLDC Ceiling Fan with Remote Control &amp; LED Indicators,,,,,,,,"The Atomberg Renesa Halo 1200 mm BLDC Ceiling Fan is a modern ceiling fan designed for efficiency and convenience.BLDC Motor: The fan uses a Brushless Direct Current (BLDC) motor, which is energy-efficient and provides better performance compared to traditional fans.Remote Control: It comes with a remote control for easy operation, allowing you to adjust the speed and settings from anywhere in the room.LED Indicators: The fan features LED indicators to show the current speed setting, making it user-friendly.Speed Settings: Typically, it offers multiple speed settings for customized airflow.Silent Operation: The BLDC motor ensures quiet operation, making it suitable for bedrooms and study areas.Energy Savings: It usually consumes significantly less power compared to conventional ceiling fans, which can lead to lower electricity bills.Stylish Design: The design is often sleek and modern, fitting well with various home decor styles.",Better Home,,,,https://betterhomeapp.com/products/atomberg-renesa-halo-1200-mm-bldc-ceiling-fan-with-remote-control-led-indicators,,,
planning-to-buy-appliances-for-your-new-apartment-in-chennai-let-better-home-make-it-effortless,Planning to Buy Appliances for Your New Apartment in Chennai? Let Better Home Make it Effortless!,,,,,,500.0,,"What You&#39;ll Get in Your ₹500 Consultation· Personalised Needs Assessment: We&#39;ll discuss your apartment layout, lifestyle, and specific appliance requirements.· Budget-Friendly Recommendations: We&#39;ll help you find appliances that fit your financial plan without compromising on quality.· Product Feature Guidance: Understand the key features and benefits of different appliances to make informed choices.· Space Optimisation Tips: Learn how to select appliances that maximise space and functionality in your new apartment.· Brand and Model Comparisons: Get unbiased insights into various brands and models to find the best fit for you.· Answers to All Your Questions: Our experts will address any concerns you have about appliance selection and installation.Hear From Happy New HomeownersTrusted by New Apartment Owners in ChennaiMarianna Rayen, MugappairI purchased a range of electronics from Better Homes, including a washing machine, fridge, dishwasher, and AC and also parry ware bathroom fittings.  I am beyond impressed with the quality and service! Every product exceeded my expectations. Great quality, easy installation, and excellent customer service. Highly recommend!Read the review in GoogleChinnamuthu Murugesan, NolamburBudget friendlyUpdated knowledge on product informationInnovative informationPleased serviceRead the review in Google",Better Home,,,,https://betterhomeapp.com/products/planning-to-buy-appliances-for-your-new-apartment-in-chennai-let-better-home-make-it-effortless,,,
bosch-8kg-fully-automatic-front-load-condenser-tumble-dryer-series-4---wpg23108in-silver,Bosch 8Kg Fully Automatic Front Load Condenser Tumble Dryer Series 4 - WPG23108IN Silver,,,,,,,,The Bosch 8Kg Fully Automatic Front Load Condenser Tumble Dryer Series 4 (WPG23108IN) in silver is a versatile appliance designed to efficiently dry your clothes.Auto Dry: Automatically dries to the exact degree of dryness you want.Sensitive Drying System: for gentle drying without wrinkles.Anti-crease: laundry is automatically loosened once program finished and does not crease.Anti Vibration Design provides more stability and reduces vibration so noise is minimisedComfort Display: easy to operate thanks to a big display.Buy original Bosch 8Kg Fully Automatic Front Load Condenser Tumble Dryer Series 4 - WPG23108IN Silver at wholesale prices from Better Home. ,Better Home,,,,https://betterhomeapp.com/products/bosch-8kg-fully-automatic-front-load-condenser-tumble-dryer-series-4-wpg23108in-silver,,,
bosch-truemixx-pro-mixer-grinder-1000w-mgm8842gin,Bosch TrueMixx Pro Mixer Grinder 1000W MGM8842GIN,,,,,,,,"The Bosch TrueMixx Pro Mixer Grinder MGM8842GIN is a powerful kitchen appliance designed to enhance your cooking experience.Powerful 1000W Ball bearing motor - designed to deliver a high torque for high performance grinding.Uniquely designed blunt Pounding Blade with thick edges which replicates pounding effect on dry ingredients, thus giving authentic texture and taste.The Bosch TrueMixx Pro Mixer Grinder MGM8842GIN is ideal for home cooks who seek efficiency and quality in food preparation.Its powerful performance and thoughtful design make it a valuable addition to any kitchen.Buy original Bosch TrueMixx Pro Mixer Grinder 1000W MGM8842GIN at wholesale prices from Better Home. ",Better Home,,,,https://betterhomeapp.com/products/bosch-truemixx-pro-mixer-grinder-1000w-mgm8842gin,,,
bosch-built-in-gas-hob-5-burner-90cm-series-6-pnv9b6f20i-tempered-glass-black,Bosch Built-in Gas Hob 5 Burner 90CM Series 6 PNV9B6F20I Tempered glass Black,,,,,,,,"The Bosch Built-in Gas Hob 5 Burner 90CM Series 6 (model PNV9B6F20I) features a sleek design with a tempered glass surface in black. Here are some key features:5 Burners: Offers versatility for cooking multiple dishes at once.Tempered Glass: 6mm Tempered Glass. Durable and easy to clean, providing a modern aesthetic.High Efficiency: Designed for efficient gas usage and quick heating.Flame Failure Safety Device: Ensures safety by automatically turning off the gas if the flame goes out.Easy to Use Controls: User-friendly knobs for precise control over flame levels.Low Profile Stainless Steel Cooking Surface is Easily Accessible and Quick to CleanThis hob is ideal for those looking to enhance their kitchen with a stylish, functional cooking applianceBuy original Bosch Built-in Gas Hob 5 Burner 90CM Series 6 PNV9B6F20I Tempered glass Black at wholesale prices from Better Home.",Better Home,,,,https://betterhomeapp.com/products/bosch-built-in-gas-hob-5-burner-90cm-series-6-pnv9b6f20i-tempered-glass-black,,,
lg-ac-15-ton-5-star-split-ac-with-ai-convertible-6-in-1-cooling-anti-virus-protection-smart-dehumidification-2025-model-us-q19knze1,"LG AC 1.5 Ton 5 Star Split AC with AI Convertible 6-in-1 Cooling, Anti Virus Protection, Smart Dehumidification, 2025 Model US-Q19KNZE1",,,,,,,,"LG Inverter ACs use Variable Tonnage Technology to adjust cooling by controlling compressor speed, ensuring faster cooling initially and energy savings once the desired temperature is reached.AI Convertible 6-in-1: Automatically adjusts parameters for perfect cooling, adapting to your lifestyle for better comfort.Gold Fin+:A corrosion resistant coating for increased durability of your LG Air Conditioner.VIRAAT Mode: Maximize your comfort in the scorching heat with a capacity boost of up to 116%.Smart Dehumidification: Monsoon Comfort Technology saves up to 30.8% energy in humid conditions compared to conventional dehumidification mode. Auto Cleaning: Automatically dries any moisture inside the air conditioner to ensure it&#39;s always clean.ADC Sensor: LG Air Conditioners comes with ADC Safety sensors as a built of robustness and power of safety at every step of operationStabilizer Free Plus: Advanced range of stabilizer-free operations that prevents voltage fluctuation and adds to your savings &amp;amp; safety.",Better Home,,,,https://betterhomeapp.com/products/lg-ac-1-5-ton-5-star-split-ac-with-ai-convertible-6-in-1-cooling-anti-virus-protection-smart-dehumidification-2025-model-us-q19knze1,,,
lg-ac-10-ton-3-star-split-ac-with-ai-convertible-6-in-1-cooling-gold-fin-viraat-mode-dual-inverter-compressor-2025-model-us-q12bnxe,"LG AC 1.0 Ton 3 Star Split AC with AI Convertible 6-in-1 Cooling, Gold Fin+, Viraat Mode, Dual Inverter Compressor, 2025 Model US-Q12BNXE",,,,,,,,"LG Inverter ACs use Variable Tonnage Technology to adjust cooling by controlling compressor speed, ensuring faster cooling initially and energy savings once the desired temperature is reached.AI Convertible 6-in-1: Automatically adjusts parameters for perfect cooling, adapting to your lifestyle for better comfort.Gold Fin+: A corrosion resistant coating for increased durability of your LG Air Conditioner.VIRAAT Mode: Maximize your comfort in the scorching heat with a capacity boost of up to 116%.Smart Dehumidification: Monsoon Comfort Technology saves up to 30.8% energy in humid conditions compared to conventional dehumidification mode. Auto Cleaning: Automatically dries any moisture inside the air conditioner to ensure it&#39;s always clean.ADC Sensor: LG Air Conditioners comes with ADC Safety sensors as a built of robustness and power of safety at every step of operationStabilizer Free Plus: Advanced range of stabilizer-free operations that prevents voltage fluctuation and adds to your savings &amp;amp; safety.",Better Home,,,,https://betterhomeapp.com/products/lg-ac-1-0-ton-3-star-split-ac-with-ai-convertible-6-in-1-cooling-gold-fin-viraat-mode-dual-inverter-compressor-2025-model-us-q12bnxe,,,
lg-ac-10-ton-5-star-split-ac-with-ai-convertible-6-in-1-cooling-hd-filter-diet-mode-100-copper-tubes-2025-model-us-q14enze,"LG AC 1.0 Ton 5 Star Split AC with AI Convertible 6-in-1 Cooling, HD Filter, Diet Mode+, 100% Copper Tubes, 2025 Model US-Q14ENZE",,,,,,,,"The LG 1.0 Ton 5 Star Split AC (Model US-Q14ENZE) offers several advanced features for optimal cooling and energy efficiency. Dual Inverter Compressor: LG Inverter ACs use Variable Tonnage Technology to adjust cooling by controlling compressor speed, ensuring faster cooling initially and energy savings once the desired temperature is reached.AI Convertible 6-in-1: Automatically adjusts parameters for perfect cooling, adapting to your lifestyle for better comfort.HD Filter with Anti-Virus Protection: LG DUAL Inverter Air Conditioner now comes with an ‘Anti-Virus’ protection layer fitted HD Filter. The filter mesh is coated with Cationic Silver Ions (AgNPs) that deactivates more than 99% Virus and Bacteria in contact. To be precise, it demobilizes up to 99.76% Virus and up to 99.99% Bacteria cleansing.Gold Fin+: A corrosion resistant coating for increased durability of your LG Air Conditioner.VIRAAT Mode: Maximize your comfort in the scorching heat with a capacity boost of up to 116%.Smart Dehumidification: Monsoon Comfort Technology saves up to 30.8% energy in humid conditions compared to conventional dehumidification mode. Auto Cleaning: Automatically dries any moisture inside the air conditioner to ensure it&#39;s always clean.ADC Sensor: LG Air Conditioners comes with ADC Safety sensors as a built of robustness and power of safety at every step of operationStabilizer Free Plus: Advanced range of stabilizer-free operations that prevents voltage fluctuation and adds to your savings &amp;amp; safety.",Better Home,,,,https://betterhomeapp.com/products/lg-ac-1-0-ton-5-star-split-ac-with-ai-convertible-6-in-1-cooling-hd-filter-diet-mode-100-copper-tubes-2025-model-us-q14enze,,,
