Question,Answer
Tell me more about Bosch 187L 4 Star Single Door Refrigerator Series 4 CST18S24NI - Fine Steel,No response found
What brands of Photo Frame do you have?,"Bosch 187L 4 Star Single Door Refrigerator Series 4 CST18S24NI - Fine – Better Home
BOSCH CST18S25PI 187 L Direct Cool Single-door Refrigerator combines durability with a luxurious fine steel finish. Buy original Bosch Single-door Refrigerator at wholesale prices from Better Home. We ensure the Bosch 187L 4 Star Single Door Refrigerator Series 4 CST18S24NI - Fine Steel price fits your budget. Equipped with an eye-catching chrome handlebar, this refrigerator enhances your kitchen's aesthetics with a modern, sophisticated touch. Designed with a sleek back cover for effortless cleaning and enhanced protection, this refrigerator offers durability by avoiding unintended impacts. Boasting a multi-access design, this refrigerator can be opened in up to three ways, including the top groove, side groove on the door, and an elegantly designed handle. Featuring enhanced accessibility, this refrigerator offers customisable shelf height for effortless adjustment and cleaning. Owing to its easy-to-clean detachable airtight gasket, this refrigerator ensures a clean door liner, preventing the accumulation of fungi and bacteria. Hence, it maintains the hygiene of your food for extended periods.
betterhomeapp.com
The Bosch 187L 4 Star Single Door Refrigerator Series 4 CST18S24NI - Fine Steel combines durability with a luxurious fine steel finish. It features an eye-catching chrome handlebar, sleek back cover for easy cleaning, and a multi-access design for convenience. The refrigerator includes customisable shelf height and an energy-efficient LED light for clear visibility.



For more details or to purchase: https://betterhomeapp.com/products/bosch-187l-4-star-single-door-refrigerator-series-4-cst18s24ni-fine-steel



Price: ₹20,566
06:59"
Tell me more about Greenpanel Club HDWR 3.30mm Wood Panel,No response found
Tell me more about Parryware Claret Tall Body Basin Mixer T4646A1 for Washbasin,No response found
Tell me more about Havells Ventilair DSP 230mm Exhaust Fan,No response found
Tell me more about Parryware Pillar Cock Agate Pro G3302A1,No response found
Tell me more about Supreme Three Layer Overhead Water Tank 2000 L,No response found
Tell me more about Parryware Vallure Bowl Basin C0462,No response found
What is the cheapest Door Control Device?,No response found
